<?xml version="1.0" encoding="utf-8"?>
<extension version="3.0" type="plugin" group="community" method="upgrade">
	<name>Profile Completion Status</name>
	<author>Team Joomlaxi</author>
	<creationDate>24th July 2009</creationDate>
	<copyright>Copyright (C) 2008. All rights reserved.</copyright>
	<license>http://www.joomlaxi.com</license>
	<authorEmail>shyam@joomlaxi.com</authorEmail>
	<authorUrl>www.joomlaxi.com</authorUrl>
	<version>@global.version@.@svn.lastrevision@</version>
	<isapplication>true</isapplication>
	<description>
		This plugin Shows Profile Completion Status for JomSocial. 
		You required to install JomSocial and ProfileCompletion to get this working.
	</description>
	
	<languages>
	    <language tag="en-GB">en-GB.plg_jspc.ini</language>
	</languages>
	
	<files>
		<file plugin="jspc">jspc.php</file>
		<file plugin="jspc">jspc/index.html</file>
		<file plugin="jspc">jspc/style.css</file>
	</files>
	
	<config>
		<fields name="params" addfieldpath="/administrator/components/com_jspc/fields">
			<fieldset name="basic">
				<field 	name="coreapp" 
						type="list" 
						default="1" 
						label="Core Application" 
						description="Causes this application to not appear in the users applications list but it will allow this application to appear in the user profile automatically if selected.">
						<option value="0">No</option>
						<option value="1">Yes</option>
				</field>
				
				<field 	name="cache" 
						type="list" 
						default="1" 
						label="Caching" 
						description="Select whether to cache the content of this plugin">
						<option value="1">Use Global</option>
						<option value="0">No</option>
				</field>
				
				<field 	name="position" 
						type="list" 
						default="content" 
						label="Position" 
						description="Default position if you select this as core apps">
	                     <option value="content">Main content</option>
	                     <option value="sidebar-top">Sidebar top</option>
	                     <option value="sidebar-bottom">Sidebar bottom</option>
                </field>
                
				<field 	name="SPS_ShowAvatar" 
						type="list" 
						default="1" 
						label="Show Avatar" 
						description="">
						<option value="0">No</option>
						<option value="1">Yes</option>
				</field>
				
				<field 	name="SPS_AvatarWidth" 
						type="text" 
						default="75" 
						label="Width of Avatar in Pixel" 
						description=""/>
				
				<field  name="SPS_AvatarHeight" 
						type="text" 
						default="75" 
						label="Height of Avatar in Pixel" 
						description=""/>
						
				<field 	name="showProfile" 
						type="list" 
						default="1" 
						label="Show Plugin when 100% Status" 
						description="Do you want to show Plugin when user's Profile is 100% complete?">
						<option value="0">No</option>
						<option value="1">Yes</option>
				</field>
				
				<field 	name="SPS_FGColor"  
						type="colorbox" 
						default="62C462"  
						label="Fill Bar Color" 
						description="" />
				
				<field 	name="SPS_VisibleFeatureNumber" 
						type="text" 
						default="All" 
						label="Number of Visible Feature to complete Profile" 
						description="Write All to display all feature else write count" />
			</fieldset>
		</fields>
	</config>
</extension>
