<?xml version="1.0" encoding="utf-8"?>
<config>
	<params>
		<param name="@spacer" type="spacer" default="" label="" description="" />
		<param name="multiple" type="radio" default="0" label="Multiple" description="Set yes if you want to make this field multiple selection">
			<option value="0" name='No'>No</option>
			<option value="1" name='Yes'>Yes</option>
		</param>
		<param name="size" type="text" default="" label="Size" description="The size of the select box width" />
		<param name="style" type="text" default="" label="Style Attribute" description="Use the css code to style the field" />
	</params>
</config>